,sdev,lookback,filter,result
0,3,30,0,7.436800927064959e-19
1,3,30,1,6.360538931016621e-12
2,3,30,2,8.156742769476181e-08
3,3,32,0,4.40598624927333e-19
4,3,32,1,3.761697557062713e-12
5,3,32,2,7.41659730810199e-08
6,3,34,0,2.6330704782794116e-19
7,3,34,1,1.961270331574602e-12
8,3,34,2,8.617462807155271e-08
9,3,36,0,1.7054393280148111e-19
10,3,36,1,1.1099738919239301e-12
11,3,36,2,9.050161496588406e-08
12,3,38,0,1.6286784480053385e-19
13,3,38,1,9.977156362642003e-13
14,3,38,2,9.197254633809248e-08
15,3,40,0,1.4822341752453727e-19
16,3,40,1,8.168721884065e-13
17,3,40,2,1.1202850351696524e-07
18,3,42,0,1.261079027903022e-19
19,3,42,1,5.834955890944825e-13
20,3,42,2,1.2000187375845425e-07
21,3,44,0,1.0354547555778344e-19
22,3,44,1,4.159416472015778e-13
23,3,44,2,1.3883412039535485e-07
24,3,46,0,9.105166457367058e-20
25,3,46,1,3.110652737637296e-13
26,3,46,2,1.4717227117727885e-07
27,3,48,0,1.2743356611097399e-19
28,3,48,1,3.83769229068134e-13
29,3,48,2,1.8339807528100992e-07
30,3,50,0,1.5056334221802613e-19
31,3,50,1,3.819125032101523e-13
32,3,50,2,2.2429085020796482e-07
33,3,52,0,1.919001212465598e-19
34,3,52,1,3.922850694765567e-13
35,3,52,2,2.687717301769285e-07
36,3,54,0,1.9968431986758348e-19
37,3,54,1,3.5792617775826125e-13
38,3,54,2,3.324908681810054e-07
39,3,56,0,3.9148750039866753e-19
40,3,56,1,4.659677858552248e-13
41,3,56,2,5.131311445464003e-07
42,3,58,0,5.611406650705574e-19
43,3,58,1,5.240021416969325e-13
44,3,58,2,6.611674568151631e-07
45,3,60,0,7.449483162502711e-19
46,3,60,1,5.512060238005027e-13
47,3,60,2,8.407097559811751e-07
48,3,62,0,1.0166537538020573e-18
49,3,62,1,6.309833145505514e-13
50,3,62,2,1.0298296209247456e-06
51,3,64,0,1.1534791615081122e-18
52,3,64,1,6.384633617337027e-13
53,3,64,2,1.164209027928405e-06
54,3,66,0,1.7472003319362048e-18
55,3,66,1,7.793854681225227e-13
56,3,66,2,1.4745270659737856e-06
57,3,68,0,1.7561958012617903e-18
58,3,68,1,6.655373637198985e-13
59,3,68,2,1.739912038382234e-06
60,3,70,0,1.749706667427739e-18
61,3,70,1,7.228204005502732e-13
62,3,70,2,1.7291646632613926e-06
63,3,72,0,2.289677981246251e-18
64,3,72,1,8.338655002190155e-13
65,3,72,2,1.937447608081792e-06
66,3,74,0,3.2225004489482796e-18
67,3,74,1,9.640712875009906e-13
68,3,74,2,2.3719221211909024e-06
69,3,76,0,4.360899391539226e-18
70,3,76,1,1.2066879554848347e-12
71,3,76,2,2.6468872908090044e-06
72,3,78,0,7.086265789346508e-18
73,3,78,1,1.3570043062059846e-12
74,3,78,2,3.920404861807708e-06
75,3,80,0,7.337950943062104e-18
76,3,80,1,1.2460786862656005e-12
77,3,80,2,4.614097315192432e-06
78,3,82,0,1.036999137794596e-17
79,3,82,1,1.4086227170765058e-12
80,3,82,2,6.350755864062048e-06
81,3,84,0,8.579229293472696e-18
82,3,84,1,1.0387146716356632e-12
83,3,84,2,6.567660076965139e-06
84,3,86,0,1.1413253253650182e-17
85,3,86,1,1.2551591757598324e-12
86,3,86,2,7.154304654032111e-06
87,3,88,0,1.7157065143257802e-17
88,3,88,1,1.5237050881551361e-12
89,3,88,2,9.558833043212261e-06
90,3,90,0,1.5860230966127083e-17
91,3,90,1,1.429272807104764e-12
92,3,90,2,9.656360525202616e-06
93,3,92,0,2.10888268343956e-17
94,3,92,1,1.5134423713531071e-12
95,3,92,2,1.2358843781749945e-05
96,3,94,0,2.8597724463491404e-17
97,3,94,1,1.8569476482570532e-12
98,3,94,2,1.4239974474253767e-05
99,3,96,0,2.606038298445978e-17
100,3,96,1,1.7877023665987689e-12
101,3,96,2,1.3257171569064477e-05
102,3,98,0,3.0638815610596146e-17
103,3,98,1,1.9049245260556906e-12
104,3,98,2,1.5008742970422894e-05
105,3,100,0,5.423867375711439e-17
106,3,100,1,2.6983675805943697e-12
107,3,100,2,2.0293431535969675e-05
108,3,102,0,8.04729423767876e-17
109,3,102,1,3.0476767489348647e-12
110,3,102,2,2.7626860144265004e-05
111,3,104,0,9.386689585983365e-17
112,3,104,1,3.490109281397793e-12
113,3,104,2,2.9781005229026567e-05
114,3,106,0,9.519189252307875e-17
115,3,106,1,3.4329836235057086e-12
116,3,106,2,3.1016149957881307e-05
117,3,108,0,1.3971073028523847e-16
118,3,108,1,4.134073392860976e-12
119,3,108,2,3.862416483878016e-05
120,3,110,0,1.5333660966262158e-16
121,3,110,1,4.107111619272736e-12
122,3,110,2,4.462285543664665e-05
123,3,112,0,2.0054899760126238e-16
124,3,112,1,5.051613594148125e-12
125,3,112,2,4.73005033008861e-05
126,3,114,0,2.059155766927106e-16
127,3,114,1,4.5749183490620635e-12
128,3,114,2,5.5191130302923915e-05
129,3,116,0,2.597520720774704e-16
130,3,116,1,5.087812631561651e-12
131,3,116,2,6.724890797146706e-05
132,3,118,0,3.1011333760640295e-16
133,3,118,1,5.285624970531302e-12
134,3,118,2,8.29908730482599e-05
135,3,120,0,3.0481067231475765e-16
136,3,120,1,4.7100199124866945e-12
137,3,120,2,9.57542950336149e-05
138,3,122,0,3.0545974175981407e-16
139,3,122,1,4.618690677081407e-12
140,3,122,2,9.956434208665716e-05
141,3,124,0,2.7610142718149635e-16
142,3,124,1,4.220046743074581e-12
143,3,124,2,0.00010028955695668424
144,3,126,0,3.4484950420173746e-16
145,3,126,1,4.43502304372339e-12
146,3,126,2,0.00012497599897109296
147,3,128,0,3.4940040999331494e-16
148,3,128,1,4.407323327257401e-12
149,3,128,2,0.00013548952727577212
150,3,130,0,4.5349007302649315e-16
151,3,130,1,4.833470365167013e-12
152,3,130,2,0.00016638327289025752
153,3,132,0,4.741761704092794e-16
154,3,132,1,4.89185076846357e-12
155,3,132,2,0.0001797783042057136
156,3,134,0,5.518335397907753e-16
157,3,134,1,5.052341265010616e-12
158,3,134,2,0.0002023074493803165
159,3,136,0,6.335102469751411e-16
160,3,136,1,5.211368524242062e-12
161,3,136,2,0.00022803164714793681
162,3,138,0,6.660426189851863e-16
163,3,138,1,4.853404046890401e-12
164,3,138,2,0.0002644666821394937
165,3,140,0,7.750905997909781e-16
166,3,140,1,5.090343531362594e-12
167,3,140,2,0.0002861905246085875
168,3,142,0,1.2297604880755795e-15
169,3,142,1,4.799769776373413e-12
170,3,142,2,0.0004951407681285209
171,3,144,0,1.3561390354624066e-15
172,3,144,1,5.0489686638020575e-12
173,3,144,2,0.0005486055957347631
174,3,146,0,1.3127631603685648e-15
175,3,146,1,4.295570440327437e-12
176,3,146,2,0.0006465084307651937
177,3,148,0,1.7067918579087831e-15
178,3,148,1,5.1726069850355474e-12
179,3,148,2,0.0007518704236139529
180,3,150,0,1.7634938120649747e-15
181,3,150,1,5.054679415123142e-12
182,3,150,2,0.00080949204703563
183,3,152,0,1.5432829362169915e-15
184,3,152,1,4.667356580785731e-12
185,3,152,2,0.0008079628911630156
186,3,154,0,1.9962810705247163e-15
187,3,154,1,5.682070200356484e-12
188,3,154,2,0.0009119640907952508
189,3,156,0,1.9107881487494803e-15
190,3,156,1,5.054868265960407e-12
191,3,156,2,0.0009995282323467553
192,3,158,0,2.3587440919996364e-15
193,3,158,1,5.913328309689469e-12
194,3,158,2,0.0010811517511702892
195,3,160,0,2.8891895194628895e-15
196,3,160,1,6.0501398652834545e-12
197,3,160,2,0.0013021902331475954
198,3,162,0,3.4159972582981943e-15
199,3,162,1,6.462638137127625e-12
200,3,162,2,0.0014441632855421273
201,3,164,0,3.396952291677448e-15
202,3,164,1,6.281672822065312e-12
203,3,164,2,0.0015572005000508776
204,3,166,0,4.017927005206284e-15
205,3,166,1,6.2863208462080335e-12
206,3,166,2,0.0018595898571909812
207,3,168,0,4.2615555547263976e-15
208,3,168,1,6.396805063542423e-12
209,3,168,2,0.0020340545459392938
210,3,170,0,4.896721157212364e-15
211,3,170,1,6.7086825312953775e-12
212,3,170,2,0.0022776588412629774
213,3,172,0,6.23681205141713e-15
214,3,172,1,7.645084983610207e-12
215,3,172,2,0.0026151962775585688
216,3,174,0,1.0284210057185018e-14
217,3,174,1,8.130795743807313e-12
218,3,174,2,0.00435117559778287
219,3,176,0,1.061540635427187e-14
220,3,176,1,7.890143189202933e-12
221,3,176,2,0.004568416462625588
222,3,178,0,1.0482452901677036e-14
223,3,178,1,7.968026736584312e-12
224,3,178,2,0.004635883017533222
225,3,180,0,1.214512067761737e-14
226,3,180,1,8.749631012026922e-12
227,3,180,2,0.004903855831658964
228,3,182,0,1.3242023845286218e-14
229,3,182,1,8.300237282123053e-12
230,3,182,2,0.005669224487548192
231,3,184,0,1.4239654089139153e-14
232,3,184,1,7.947766823671075e-12
233,3,184,2,0.006593051818021054
234,3,186,0,1.511893604943533e-14
235,3,186,1,8.04037740868589e-12
236,3,186,2,0.007155866892528317
237,3,188,0,1.5638821748215037e-14
238,3,188,1,7.277293397106531e-12
239,3,188,2,0.00842987026200291
240,4,30,0,13.880366335780762
241,4,30,1,24.186283747720474
242,4,30,2,43.98281117441154
243,4,32,0,7.585103164011764
244,4,32,1,16.871529206885512
245,4,32,2,32.565209824676366
246,4,34,0,5.521766749430354
247,4,34,1,13.096326813698028
248,4,34,2,28.904498302869236
249,4,36,0,4.314078827338408
250,4,36,1,11.353612352538493
251,4,36,2,25.095066056603383
252,4,38,0,2.8962013545586967
253,4,38,1,8.683723660910083
254,4,38,2,21.874037474668125
255,4,40,0,1.9734862624673954
256,4,40,1,6.817623746664056
257,4,40,2,18.341828024509574
258,4,42,0,1.3823000260676488
259,4,42,1,5.708332694226714
260,4,42,2,14.84902092887103
261,4,44,0,1.357578487900997
262,4,44,1,5.298256650520251
263,4,44,2,15.418443986345745
264,4,46,0,1.1240524941229777
265,4,46,1,4.305125651181294
266,4,46,2,14.644270876540755
267,4,48,0,0.969578657960465
268,4,48,1,3.712828970912595
269,4,48,2,14.554033002642855
270,4,50,0,0.8906064116428667
271,4,50,1,3.2730157380816
272,4,50,2,14.805504582139708
273,4,52,0,0.9341771395849426
274,4,52,1,3.351387599132785
275,4,52,2,15.26471405989451
276,4,54,0,0.5931021726189076
277,4,54,1,3.214649674925686
278,4,54,2,10.144174597185494
279,4,56,0,0.619982687161587
280,4,56,1,3.380098728192535
281,4,56,2,10.149002481588699
282,4,58,0,0.6973830093271566
283,4,58,1,3.4202797560816176
284,4,58,2,11.376887881859139
285,4,60,0,0.6364561614663768
286,4,60,1,2.544111662653928
287,4,60,2,13.295844352156477
288,4,62,0,0.872145240494249
289,4,62,1,2.2591666805424517
290,4,62,2,20.41889305272981
291,4,64,0,1.0765844996100968
292,4,64,1,2.5711500337412003
293,4,64,2,22.15559222129496
294,4,66,0,1.1183027169899407
295,4,66,1,2.563159566501233
296,4,66,2,23.16121270269745
297,4,68,0,1.0669499368172055
298,4,68,1,2.531570815174756
299,4,68,2,22.482773724471976
300,4,70,0,0.9678909296105532
301,4,70,1,2.3686472634715336
302,4,70,2,21.54168399082591
303,4,72,0,0.798591362167308
304,4,72,1,1.9141691232816944
305,4,72,2,21.089486319410373
306,4,74,0,0.7912380437084237
307,4,74,1,1.9014948686475277
308,4,74,2,21.38141665691675
309,4,76,0,0.7747824714567334
310,4,76,1,1.751798959255939
311,4,76,2,22.239910006138444
312,4,78,0,0.7768260626779654
313,4,78,1,1.746847692848799
314,4,78,2,22.517525148774823
315,4,80,0,0.5122110796560384
316,4,80,1,1.640222524787237
317,4,80,2,16.005041472485868
318,4,82,0,0.5282529650583438
319,4,82,1,1.5653337153647398
320,4,82,2,17.072430968043445
321,4,84,0,0.45670021310318293
322,4,84,1,1.5827409620590396
323,4,84,2,14.732523323249902
324,4,86,0,0.5195890107898469
325,4,86,1,1.6239399182023158
326,4,86,2,16.372512788644077
327,4,88,0,0.5770685300766125
328,4,88,1,1.5490946188052965
329,4,88,2,18.636215120572228
330,4,90,0,0.5192273967634822
331,4,90,1,1.3949523109368889
332,4,90,2,18.449198789549826
333,4,92,0,0.5166541326517916
334,4,92,1,1.3575264524867292
335,4,92,2,18.572826615889078
336,4,94,0,0.5877615933698068
337,4,94,1,1.333151536824206
338,4,94,2,21.74609206631574
339,4,96,0,0.498073797231882
340,4,96,1,1.1670302828782073
341,4,96,2,20.849602045221012
342,4,98,0,0.46640374019032715
343,4,98,1,1.1218421244359928
344,4,98,2,20.419100973200592
345,4,100,0,0.4448816015831829
346,4,100,1,1.0429669391243213
347,4,100,2,21.0658292790599
348,4,102,0,0.45218362441476295
349,4,102,1,1.0288934515610515
350,4,102,2,21.361192526008992
351,4,104,0,0.47220328807751
352,4,104,1,1.0640161832705444
353,4,104,2,21.216603195629226
354,4,106,0,0.4447429142236537
355,4,106,1,0.9752188155332724
356,4,106,2,21.85880244383479
357,4,108,0,0.3647499487776598
358,4,108,1,0.8051540952854078
359,4,108,2,22.17474116215245
360,4,110,0,0.33506294092411376
361,4,110,1,0.6938136750702363
362,4,110,2,23.17321709424428
363,4,112,0,0.34100727887414106
364,4,112,1,0.6330506192279808
365,4,112,2,25.738531273121158
366,4,114,0,0.3678360458214049
367,4,114,1,0.6485007071490233
368,4,114,2,27.72070642701155
369,4,116,0,0.36891167213491327
370,4,116,1,0.5986975840844511
371,4,116,2,29.74463221895403
372,4,118,0,0.35088452794267866
373,4,118,1,0.598807813590134
374,4,118,2,27.857516237217872
375,4,120,0,0.38332195703147426
376,4,120,1,0.6375953328967104
377,4,120,2,28.89928987433911
378,4,122,0,0.3518630897464396
379,4,122,1,0.6578533410784344
380,4,122,2,26.3956898242577
381,4,124,0,0.33069331355636367
382,4,124,1,0.6434106204148162
383,4,124,2,25.355109719507624
384,4,126,0,0.31985769127330654
385,4,126,1,0.5985304232854435
386,4,126,2,26.585431326013627
387,4,128,0,0.31760798498633475
388,4,128,1,0.5842071895426956
389,4,128,2,27.136911646091377
390,4,130,0,0.3584289678926776
391,4,130,1,0.6484434184077525
392,4,130,2,27.42210130094283
393,4,132,0,0.3762068005231403
394,4,132,1,0.6319260976439076
395,4,132,2,29.69757589346176
396,4,134,0,0.6084545033718933
397,4,134,1,0.6524436770396547
398,4,134,2,47.62016635705299
399,4,136,0,0.553535356843853
400,4,136,1,0.6153706820134546
401,4,136,2,45.06001822857424
402,4,138,0,0.6040381749189334
403,4,138,1,0.6287321420662089
404,4,138,2,48.647497304092454
405,4,140,0,0.6430940037102415
406,4,140,1,0.6406088229888326
407,4,140,2,51.59711046675501
408,4,142,0,0.6356014016000997
409,4,142,1,0.6092562836285825
410,4,142,2,53.05168618262098
411,4,144,0,0.5957710293323726
412,4,144,1,0.5734107404316277
413,4,144,2,53.55994029240128
414,4,146,0,0.5698055509437149
415,4,146,1,0.5674776821046176
416,4,146,2,52.60724215426728
417,4,148,0,0.570630165598795
418,4,148,1,0.5459230900360115
419,4,148,2,55.58038133131894
420,4,150,0,0.6526597656461555
421,4,150,1,0.5850583894350982
422,4,150,2,63.07133026619011
423,4,152,0,0.6736129639036729
424,4,152,1,0.5853366332056429
425,4,152,2,63.51684703516063
426,4,154,0,0.7130072344054489
427,4,154,1,0.5892353901045563
428,4,154,2,66.43260387095779
429,4,156,0,0.6585443165333682
430,4,156,1,0.5196513339506126
431,4,156,2,69.09564423188452
432,4,158,0,0.6494994646530844
433,4,158,1,0.5113739135469081
434,4,158,2,68.52003131813906
435,4,160,0,0.5352038362592779
436,4,160,1,0.434921814662027
437,4,160,2,67.36177928808314
438,4,162,0,0.4972978376494183
439,4,162,1,0.40002188582415105
440,4,162,2,67.40079926277738
441,4,164,0,0.46021509834223073
442,4,164,1,0.36424659963771633
443,4,164,2,69.21485685566726
444,4,166,0,0.41377426259478045
445,4,166,1,0.35402476008682987
446,4,166,2,66.34517503512492
447,4,168,0,0.40644447563174546
448,4,168,1,0.3289915583559012
449,4,168,2,67.60181552062734
450,4,170,0,0.4017401824381399
451,4,170,1,0.32833542641444186
452,4,170,2,68.57416210965417
453,4,172,0,0.37372071037650473
454,4,172,1,0.299126456578447
455,4,172,2,71.33512048783707
456,4,174,0,0.3611976778822845
457,4,174,1,0.2715931890555488
458,4,174,2,76.58262332469494
459,4,176,0,0.3349191119700953
460,4,176,1,0.24102234937385275
461,4,176,2,80.4373136913274
462,4,178,0,0.35449283001224374
463,4,178,1,0.24495002951567735
464,4,178,2,85.12025310245623
465,4,180,0,0.32736247872870033
466,4,180,1,0.23072994837556332
467,4,180,2,84.18759946806068
468,4,182,0,0.33503244682224564
469,4,182,1,0.2206228760319029
470,4,182,2,90.20386185302418
471,4,184,0,0.34025516259865574
472,4,184,1,0.2258153147235823
473,4,184,2,91.16716940686868
474,4,186,0,0.33404180091478614
475,4,186,1,0.21957286975972148
476,4,186,2,94.01746451835
477,4,188,0,0.325273998068779
478,4,188,1,0.20500592078058805
479,4,188,2,96.96999025802897
480,5,30,0,192.16224018428707
481,5,30,1,109.55990532339715
482,5,30,2,180.04070597967564
483,5,32,0,221.5993029110016
484,5,32,1,100.98346786461376
485,5,32,2,224.5663263817197
486,5,34,0,241.1827272533503
487,5,34,1,103.51678495031406
488,5,34,2,237.05050691643703
489,5,36,0,273.15896411686043
490,5,36,1,112.77207210425271
491,5,36,2,246.49579175356862
492,5,38,0,284.34713475577377
493,5,38,1,114.83539181122917
494,5,38,2,247.57605727024736
495,5,40,0,250.4875645026545
496,5,40,1,105.65995112387856
497,5,40,2,238.74463272887053
498,5,42,0,255.52583481011033
499,5,42,1,103.9105480253073
500,5,42,2,247.1607047313626
501,5,44,0,246.28735765705306
502,5,44,1,101.13183483926764
503,5,44,2,241.9384965308676
504,5,46,0,233.01280232878804
505,5,46,1,104.23558011598892
506,5,46,2,223.9322323617758
507,5,48,0,219.22423814518592
508,5,48,1,105.3220085656417
509,5,48,2,208.62351946762914
510,5,50,0,197.03866197591464
511,5,50,1,97.36900439043696
512,5,50,2,199.83962568263678
513,5,52,0,207.25986862975762
514,5,52,1,100.17799428871828
515,5,52,2,202.37989821594468
516,5,54,0,180.3883463848068
517,5,54,1,92.51521453179711
518,5,54,2,187.34172745694593
519,5,56,0,158.36313551343525
520,5,56,1,83.13089002452507
521,5,56,2,180.0382590306881
522,5,58,0,164.59410158861579
523,5,58,1,84.95116882055689
524,5,58,2,187.14371952365852
525,5,60,0,164.62552860177396
526,5,60,1,81.33290968499736
527,5,60,2,194.8496806834343
528,5,62,0,161.45651429463956
529,5,62,1,80.76162189548714
530,5,62,2,194.62714482176807
531,5,64,0,154.75516171682156
532,5,64,1,75.70845659038173
533,5,64,2,199.15131524736006
534,5,66,0,174.42092694868785
535,5,66,1,75.58822825560675
536,5,66,2,223.38890466776115
537,5,68,0,167.77018940566853
538,5,68,1,77.82569353968428
539,5,68,2,209.7796134721209
540,5,70,0,179.22065022700698
541,5,70,1,75.54905244949464
542,5,70,2,227.31030536059015
543,5,72,0,180.18187687035066
544,5,72,1,74.98497652121901
545,5,72,2,229.08156317173666
546,5,74,0,187.91182070295986
547,5,74,1,75.84137378554489
548,5,74,2,234.79795762161353
549,5,76,0,191.6158039828685
550,5,76,1,75.88288108702513
551,5,76,2,239.8532145985191
552,5,78,0,182.72874711635666
553,5,78,1,70.58502776288945
554,5,78,2,242.87164395571793
555,5,80,0,177.76053213428165
556,5,80,1,72.72917431406339
557,5,80,2,229.8943850145259
558,5,82,0,182.1509202183947
559,5,82,1,75.3697194594612
560,5,82,2,225.51460427359956
561,5,84,0,182.3489045147087
562,5,84,1,72.51748733600134
563,5,84,2,232.49302431750212
564,5,86,0,185.84488069390946
565,5,86,1,73.1840778338895
566,5,86,2,239.3448114847946
567,5,88,0,191.68143263783705
568,5,88,1,74.369497003826
569,5,88,2,242.69840419694998
570,5,90,0,188.09747733998879
571,5,90,1,77.27132518754942
572,5,90,2,231.7705791780109
573,5,92,0,176.95462626571893
574,5,92,1,71.63279967808388
575,5,92,2,234.09358109811942
576,5,94,0,183.5816851657525
577,5,94,1,69.10440414762924
578,5,94,2,251.76173105258442
579,5,96,0,174.64803025027393
580,5,96,1,65.63342125133116
581,5,96,2,252.20436249630836
582,5,98,0,164.21060986220115
583,5,98,1,61.90865326070085
584,5,98,2,253.1602584163085
585,5,100,0,166.64223607481443
586,5,100,1,63.03309475369715
587,5,100,2,254.40347051019657
588,5,102,0,154.1745630601744
589,5,102,1,59.58349251812367
590,5,102,2,243.29710396555996
591,5,104,0,173.33006981687268
592,5,104,1,61.07850872623175
593,5,104,2,264.5488307774264
594,5,106,0,171.59817992999834
595,5,106,1,63.1004097428069
596,5,106,2,253.3545516922942
597,5,108,0,180.91430003630092
598,5,108,1,66.71260719996872
599,5,108,2,252.61368902065277
600,5,110,0,178.23733280169154
601,5,110,1,64.28005737471531
602,5,110,2,256.956263870602
603,5,112,0,177.19369401526353
604,5,112,1,62.50148159083283
605,5,112,2,263.00488543714886
606,5,114,0,155.54844658889934
607,5,114,1,58.304481163127576
608,5,114,2,246.2743081824735
609,5,116,0,154.30288011194048
610,5,116,1,57.02151604621765
611,5,116,2,250.77275924768765
612,5,118,0,158.6332370005102
613,5,118,1,56.69183444147081
614,5,118,2,257.8865452499409
615,5,120,0,152.9957697911205
616,5,120,1,53.79736004778501
617,5,120,2,258.8776982080399
618,5,122,0,153.3728985677823
619,5,122,1,55.18942418745419
620,5,122,2,252.164439181935
621,5,124,0,146.65662970013042
622,5,124,1,54.30514166562691
623,5,124,2,244.8699685287872
624,5,126,0,155.67546857910685
625,5,126,1,56.7484297215917
626,5,126,2,247.4930199078726
627,5,128,0,162.66376700139958
628,5,128,1,60.04967744791496
629,5,128,2,244.62038397469033
630,5,130,0,154.32313421817133
631,5,130,1,57.88230321733769
632,5,130,2,243.1725496427085
633,5,132,0,157.3783763621877
634,5,132,1,59.33205303563568
635,5,132,2,241.93537118905763
636,5,134,0,163.76912537087534
637,5,134,1,58.94289088861876
638,5,134,2,255.52029746589798
639,5,136,0,174.5122761459553
640,5,136,1,61.42582349417533
641,5,136,2,263.2155038870431
642,5,138,0,172.04158274725972
643,5,138,1,59.056905746453836
644,5,138,2,267.89104041318325
645,5,140,0,171.64550814258016
646,5,140,1,56.76292624865214
647,5,140,2,275.7383078894317
648,5,142,0,172.54840472188056
649,5,142,1,58.12917920215895
650,5,142,2,275.57426713067866
651,5,144,0,180.3644634776071
652,5,144,1,55.47248861433265
653,5,144,2,300.91279614540156
654,5,146,0,158.94471538415013
655,5,146,1,52.28078607615559
656,5,146,2,281.7662401566888
657,5,148,0,156.68120955488365
658,5,148,1,50.98655346984683
659,5,148,2,281.93494222340314
660,5,150,0,146.4629450022283
661,5,150,1,47.880562915635124
662,5,150,2,283.6457229365195
663,5,152,0,145.43171295046187
664,5,152,1,45.546956016017674
665,5,152,2,292.03581695160096
666,5,154,0,137.5765698872639
667,5,154,1,42.47581733535215
668,5,154,2,295.1910733767767
669,5,156,0,137.72680773451958
670,5,156,1,42.441801705678586
671,5,156,2,295.5740806085554
672,5,158,0,128.7056735730738
673,5,158,1,41.09887705609292
674,5,158,2,282.83368997024263
675,5,160,0,119.97312012034828
676,5,160,1,38.962116729477046
677,5,160,2,279.84203957561186
678,5,162,0,118.94677013318609
679,5,162,1,38.62183899366683
680,5,162,2,276.03046499880406
681,5,164,0,112.76744638081327
682,5,164,1,37.16813740142983
683,5,164,2,272.73255303851914
684,5,166,0,104.21013052172106
685,5,166,1,35.51398036827706
686,5,166,2,265.5092131647457
687,5,168,0,92.00905575402314
688,5,168,1,35.754759948152184
689,5,168,2,232.1351442582823
690,5,170,0,92.23454728593656
691,5,170,1,35.56845676790669
692,5,170,2,234.2371848188874
693,5,172,0,93.48560210174098
694,5,172,1,35.256361730385315
695,5,172,2,239.19415305502855
696,5,174,0,93.26245005909985
697,5,174,1,35.148698765798855
698,5,174,2,240.65336349836605
699,5,176,0,92.71260141196419
700,5,176,1,35.00847771742963
701,5,176,2,243.86625743254817
702,5,178,0,90.39973941370903
703,5,178,1,33.205531796498676
704,5,178,2,252.44670398897048
705,5,180,0,86.31063599528362
706,5,180,1,33.63404780159229
707,5,180,2,236.91765886109425
708,5,182,0,80.86427842107828
709,5,182,1,31.8747552620196
710,5,182,2,233.29747694412367
711,5,184,0,89.43660473980522
712,5,184,1,34.438537839967694
713,5,184,2,238.73448870031297
714,5,186,0,84.00434057391712
715,5,186,1,33.70808559623938
716,5,186,2,229.94979217606436
717,5,188,0,87.62694253624691
718,5,188,1,35.26781350692665
719,5,188,2,228.65067781484578
720,6,30,0,99.67226741891962
721,6,30,1,100.0
722,6,30,2,99.67226741891962
723,6,32,0,100.0
724,6,32,1,100.0
725,6,32,2,100.0
726,6,34,0,100.0
727,6,34,1,100.0
728,6,34,2,100.0
729,6,36,0,100.0
730,6,36,1,100.0
731,6,36,2,100.0
732,6,38,0,100.0
733,6,38,1,100.0
734,6,38,2,100.0
735,6,40,0,122.23690410781877
736,6,40,1,109.1802958122959
737,6,40,2,116.07000289958589
738,6,42,0,151.05098550306553
739,6,42,1,109.0874778221176
740,6,42,2,143.4088887572661
741,6,44,0,174.15547229628825
742,6,44,1,110.45356279721388
743,6,44,2,163.29948100161224
744,6,46,0,198.67703548221883
745,6,46,1,108.46740603153621
746,6,46,2,189.51400657956623
747,6,48,0,234.8051056286165
748,6,48,1,115.58228219953332
749,6,48,2,209.76843755365908
750,6,50,0,239.43300467422128
751,6,50,1,112.79903101687782
752,6,50,2,218.9616251192088
753,6,52,0,256.44718227097457
754,6,52,1,109.12724815577126
755,6,52,2,243.95831804559035
756,6,54,0,276.9206587931782
757,6,54,1,113.05380332856076
758,6,54,2,253.56426280115167
759,6,56,0,272.3740588087603
760,6,56,1,110.83374765013343
761,6,56,2,253.438630402154
762,6,58,0,290.4143979774027
763,6,58,1,116.36459010480453
764,6,58,2,257.12356251280795
765,6,60,0,303.6816916665463
766,6,60,1,119.2011891208956
767,6,60,2,263.2549297917509
768,6,62,0,314.494758391197
769,6,62,1,117.89948282049319
770,6,62,2,275.91449331076916
771,6,64,0,317.7680810532245
772,6,64,1,119.30554410321692
773,6,64,2,273.8340937848925
774,6,66,0,309.88491911598663
775,6,66,1,117.53737897825687
776,6,66,2,270.99312614853443
777,6,68,0,267.8750108494597
778,6,68,1,111.63254647947605
779,6,68,2,245.87782700533265
780,6,70,0,294.11683256191145
781,6,70,1,119.65786944886223
782,6,70,2,251.7025012352574
783,6,72,0,300.0995029580243
784,6,72,1,118.44224475902942
785,6,72,2,260.3572525199884
786,6,74,0,304.12356067192803
787,6,74,1,119.77640005342691
788,6,74,2,261.2048590936052
789,6,76,0,319.63600406077524
790,6,76,1,123.97820725874111
791,6,76,2,264.65911887743977
792,6,78,0,299.9495176291959
793,6,78,1,122.7554649607649
794,6,78,2,249.765185917932
795,6,80,0,303.18145337080904
796,6,80,1,119.27991307913742
797,6,80,2,256.8343495326428
798,6,82,0,312.51893688918966
799,6,82,1,127.7997855453412
800,6,82,2,247.6082573143258
801,6,84,0,320.41066107270933
802,6,84,1,128.01721251322408
803,6,84,2,254.91752910975816
804,6,86,0,324.19430571999624
805,6,86,1,126.47647243209971
806,6,86,2,260.9737637163301
807,6,88,0,330.52941561316305
808,6,88,1,124.13227189693666
809,6,88,2,271.8556434900532
810,6,90,0,336.1555339943537
811,6,90,1,127.40942565512789
812,6,90,2,269.6698077211255
813,6,92,0,349.73860896007534
814,6,92,1,123.71862829186595
815,6,92,2,289.5609848973885
816,6,94,0,357.750532834799
817,6,94,1,122.2641728074011
818,6,94,2,298.652888505445
819,6,96,0,364.1683480200702
820,6,96,1,125.40260773890566
821,6,96,2,295.3683576524387
822,6,98,0,337.85692327126054
823,6,98,1,121.00490178376087
824,6,98,2,283.31133221275724
825,6,100,0,338.8820176470423
826,6,100,1,118.28024017447072
827,6,100,2,289.21459605642684
828,6,102,0,310.58036069556067
829,6,102,1,113.42396521302973
830,6,102,2,273.58844604886207
831,6,104,0,312.4825277226681
832,6,104,1,114.46714745076709
833,6,104,2,273.42938599496745
834,6,106,0,308.83241378429204
835,6,106,1,114.76358188328335
836,6,106,2,270.679148324293
837,6,108,0,307.8412193040165
838,6,108,1,113.69213299329135
839,6,108,2,271.73946806778036
840,6,110,0,306.1113134873089
841,6,110,1,110.68813871061054
842,6,110,2,278.2569805509524
843,6,112,0,316.770354624136
844,6,112,1,112.59071164296346
845,6,112,2,284.9123684393558
846,6,114,0,346.22668921430153
847,6,114,1,122.15878351175438
848,6,114,2,286.0952165634839
849,6,116,0,329.6015252284836
850,6,116,1,117.93896874446087
851,6,116,2,282.6703971036105
852,6,118,0,329.3261217203898
853,6,118,1,117.53480045358664
854,6,118,2,281.9895140180078
855,6,120,0,323.06506478641745
856,6,120,1,116.51839010648149
857,6,120,2,278.14866065286236
858,6,122,0,317.97532353793684
859,6,122,1,115.08627124473092
860,6,122,2,276.8666671787473
861,6,124,0,335.3557073118079
862,6,124,1,117.83407413085423
863,6,124,2,285.1901617954571
864,6,126,0,312.0407300480985
865,6,126,1,113.00875892694235
866,6,126,2,275.5269592256486
867,6,128,0,318.5902662279303
868,6,128,1,115.03112085541112
869,6,128,2,276.7160067341964
870,6,130,0,313.90163991860265
871,6,130,1,112.53814844859338
872,6,130,2,278.55055884681576
873,6,132,0,307.8137900392163
874,6,132,1,114.53783673619616
875,6,132,2,267.730796265578
876,6,134,0,319.19830953747265
877,6,134,1,115.65566492923458
878,6,134,2,274.897186987243
879,6,136,0,300.3530350925324
880,6,136,1,115.02561408855516
881,6,136,2,260.7190470954994
882,6,138,0,291.330133177755
883,6,138,1,111.06119040996222
884,6,138,2,261.71085871562696
885,6,140,0,306.9909906115882
886,6,140,1,115.0937911357393
887,6,140,2,266.5309401116434
888,6,142,0,298.07391198797865
889,6,142,1,110.14189209749176
890,6,142,2,268.3544032546193
891,6,144,0,335.76099787861637
892,6,144,1,112.0512843557603
893,6,144,2,299.84645826498
894,6,146,0,342.977035936152
895,6,146,1,108.29472994035412
896,6,146,2,314.22384863854967
897,6,148,0,329.4707232131069
898,6,148,1,106.77143945192311
899,6,148,2,306.1066125766475
900,6,150,0,318.1522912759118
901,6,150,1,107.80247820247541
902,6,150,2,290.496918553826
903,6,152,0,323.62439111451465
904,6,152,1,109.84484498359959
905,6,152,2,290.9363494958474
906,6,154,0,309.3375943575726
907,6,154,1,105.83458405258077
908,6,154,2,288.36730650827514
909,6,156,0,321.88742665329977
910,6,156,1,108.77159970242585
911,6,156,2,291.9897404293643
912,6,158,0,317.54897098959776
913,6,158,1,109.09788837211099
914,6,158,2,288.0995974178756
915,6,160,0,319.3580824564503
916,6,160,1,107.35302573856266
917,6,160,2,292.92559225642657
918,6,162,0,323.2176343577879
919,6,162,1,101.70392984273191
920,6,162,2,312.90211817111435
921,6,164,0,316.8973273405389
922,6,164,1,100.47166942607471
923,6,164,2,309.6182510111038
924,6,166,0,326.38571968978795
925,6,166,1,103.12366591386184
926,6,166,2,309.360291950888
927,6,168,0,318.518389236417
928,6,168,1,103.88196663391278
929,6,168,2,300.66310397613927
930,6,170,0,311.9886840532622
931,6,170,1,102.71563108123223
932,6,170,2,298.293951474864
933,6,172,0,308.21428743870723
934,6,172,1,101.59998949058414
935,6,172,2,296.9218328793476
936,6,174,0,294.06522583083193
937,6,174,1,97.07703079803542
938,6,174,2,298.1936326203391
939,6,176,0,300.43724077207554
940,6,176,1,98.03013640275758
941,6,176,2,301.67519612878596
942,6,178,0,301.5154875179416
943,6,178,1,98.63986695044682
944,6,178,2,302.2738894786757
945,6,180,0,299.16801853353763
946,6,180,1,97.96148932247031
947,6,180,2,300.473684305522
948,6,182,0,290.59423139558135
949,6,182,1,95.74605494093007
950,6,182,2,298.6157819081276
951,6,184,0,289.58530416534467
952,6,184,1,95.76713377552912
953,6,184,2,297.63857168528614
954,6,186,0,282.2267136768258
955,6,186,1,96.64544396385737
956,6,186,2,288.01488921695756
957,6,188,0,281.9584143768365
958,6,188,1,95.43815308688487
959,6,188,2,291.0022639606171
960,7,30,0,99.67226741891962
961,7,30,1,100.0
962,7,30,2,99.67226741891962
963,7,32,0,100.0
964,7,32,1,100.0
965,7,32,2,100.0
966,7,34,0,100.0
967,7,34,1,100.0
968,7,34,2,100.0
969,7,36,0,100.0
970,7,36,1,100.0
971,7,36,2,100.0
972,7,38,0,100.0
973,7,38,1,100.0
974,7,38,2,100.0
975,7,40,0,100.0
976,7,40,1,100.0
977,7,40,2,100.0
978,7,42,0,100.0
979,7,42,1,100.0
980,7,42,2,100.0
981,7,44,0,100.0
982,7,44,1,100.0
983,7,44,2,100.0
984,7,46,0,100.0
985,7,46,1,100.0
986,7,46,2,100.0
987,7,48,0,100.0
988,7,48,1,100.0
989,7,48,2,100.0
990,7,50,0,100.0
991,7,50,1,100.0
992,7,50,2,100.0
993,7,52,0,94.19654630563262
994,7,52,1,99.7887407568281
995,7,52,2,94.39596651006657
996,7,54,0,119.81082190470886
997,7,54,1,102.89956481111766
998,7,54,2,120.710327818649
999,7,56,0,126.93871744148248
1000,7,56,1,103.57464692698825
1001,7,56,2,127.05816076805067
1002,7,58,0,140.31483714890075
1003,7,58,1,104.66724942441073
1004,7,58,2,138.9807673156806
1005,7,60,0,149.66685728471202
1006,7,60,1,105.82411434275734
1007,7,60,2,146.6232753740937
1008,7,62,0,172.25589091996733
1009,7,62,1,110.02819652425583
1010,7,62,2,162.30504095201604
1011,7,64,0,176.65648647600773
1012,7,64,1,106.52398062523764
1013,7,64,2,171.75508738350496
1014,7,66,0,210.4505988354255
1015,7,66,1,110.93307176949465
1016,7,66,2,196.47917917671802
1017,7,68,0,219.26482608641652
1018,7,68,1,112.38864898408461
1019,7,68,2,201.8549549765873
1020,7,70,0,244.46404792010404
1021,7,70,1,118.39111603472519
1022,7,70,2,213.64305548103198
1023,7,72,0,243.41333871861178
1024,7,72,1,118.39025890485266
1025,7,72,2,212.72635534804309
1026,7,74,0,248.00381479485117
1027,7,74,1,118.84775377131258
1028,7,74,2,215.90379674723644
1029,7,76,0,263.52895253934736
1030,7,76,1,122.06804643697242
1031,7,76,2,223.36711657449433
1032,7,78,0,265.69860415344675
1033,7,78,1,120.60576717414102
1034,7,78,2,227.93661459540573
1035,7,80,0,270.3928396542134
1036,7,80,1,120.79719876862617
1037,7,80,2,231.59608831146983
1038,7,82,0,266.72582442537316
1039,7,82,1,113.6090473262366
1040,7,82,2,242.9098045167569
1041,7,84,0,262.1445859010128
1042,7,84,1,112.19925406753062
1043,7,84,2,241.73738476478724
1044,7,86,0,265.84053628765025
1045,7,86,1,114.28906026439552
1046,7,86,2,240.66306255263888
1047,7,88,0,271.1864898746013
1048,7,88,1,114.85299345282844
1049,7,88,2,244.29727761873687
1050,7,90,0,264.9036660895697
1051,7,90,1,117.33649644440327
1052,7,90,2,233.49725799828587
1053,7,92,0,278.1498573474458
1054,7,92,1,121.62403768530898
1055,7,92,2,235.87260326806856
1056,7,94,0,275.85249561349656
1057,7,94,1,120.89841139860005
1058,7,94,2,235.32843077704416
1059,7,96,0,281.92789329726145
1060,7,96,1,122.94427879896969
1061,7,96,2,236.5090688207333
1062,7,98,0,277.25359290978537
1063,7,98,1,119.16625876801956
1064,7,98,2,239.96171313007343
1065,7,100,0,293.4833483705326
1066,7,100,1,124.02923817747585
1067,7,100,2,244.04924304587058
1068,7,102,0,294.71195529521214
1069,7,102,1,123.34040745532813
1070,7,102,2,246.43957480870947
1071,7,104,0,294.7229156967482
1072,7,104,1,124.26325612023629
1073,7,104,2,244.61847332301085
1074,7,106,0,292.9110562500972
1075,7,106,1,122.33230677024368
1076,7,106,2,246.9520726881953
1077,7,108,0,294.22744562989703
1078,7,108,1,124.9378229115091
1079,7,108,2,242.88870717810056
1080,7,110,0,288.55033884132325
1081,7,110,1,122.58905535720766
1082,7,110,2,242.7660577608376
1083,7,112,0,275.1415639965624
1084,7,112,1,121.6606146067402
1085,7,112,2,233.25140655267415
1086,7,114,0,285.79890997445585
1087,7,114,1,124.06741395622434
1088,7,114,2,237.5860372580163
1089,7,116,0,287.39995120997844
1090,7,116,1,124.02924320885151
1091,7,116,2,237.213254033913
1092,7,118,0,271.4822136240351
1093,7,118,1,119.0541385207319
1094,7,118,2,233.43890623902732
1095,7,120,0,268.59211083872714
1096,7,120,1,120.59510121281156
1097,7,120,2,228.00267418225909
1098,7,122,0,270.5066695776141
1099,7,122,1,124.25472401770546
1100,7,122,2,222.86477085457665
1101,7,124,0,278.06824192760325
1102,7,124,1,120.08636235985597
1103,7,124,2,235.9805750214949
1104,7,126,0,283.20080526956355
1105,7,126,1,120.73540458340194
1106,7,126,2,239.0443017237128
1107,7,128,0,286.04140459627075
1108,7,128,1,122.08854173019577
1109,7,128,2,238.76603581255952
1110,7,130,0,284.7516409997439
1111,7,130,1,128.83413396342272
1112,7,130,2,225.2443191567651
1113,7,132,0,286.3517338056824
1114,7,132,1,128.44013590352122
1115,7,132,2,227.20485850525372
1116,7,134,0,288.35558297931175
1117,7,134,1,129.2843603496408
1118,7,134,2,227.52830868071894
1119,7,136,0,285.3420959172953
1120,7,136,1,127.74904880409628
1121,7,136,2,227.85640287217075
1122,7,138,0,281.8965149747664
1123,7,138,1,124.74727083643754
1124,7,138,2,230.52164969795376
1125,7,140,0,277.83651235102064
1126,7,140,1,122.94042448778649
1127,7,140,2,230.21014672483128
1128,7,142,0,260.3324888334876
1129,7,142,1,114.70974656490267
1130,7,142,2,229.88501408674534
1131,7,144,0,261.04996996350224
1132,7,144,1,114.41705638835768
1133,7,144,2,232.03820136935303
1134,7,146,0,252.2730292799224
1135,7,146,1,112.54718073453922
1136,7,146,2,228.2895483304337
1137,7,148,0,257.52355244905925
1138,7,148,1,113.25335464769076
1139,7,148,2,230.41996589143764
1140,7,150,0,258.8726504759694
1141,7,150,1,114.48997526223181
1142,7,150,2,229.12524221359516
1143,7,152,0,265.5455842480603
1144,7,152,1,114.16833602713044
1145,7,152,2,235.69351914046987
1146,7,154,0,262.4486492251965
1147,7,154,1,113.4552602035533
1148,7,154,2,235.06375241229867
1149,7,156,0,279.460150213826
1150,7,156,1,118.66224919314428
1151,7,156,2,239.31684634654093
1152,7,158,0,287.24795719954994
1153,7,158,1,119.1636699493294
1154,7,158,2,244.95089908337349
1155,7,160,0,291.5507928185871
1156,7,160,1,120.50096474862745
1157,7,160,2,245.8610102251963
1158,7,162,0,287.7334272440887
1159,7,162,1,122.77092872360062
1160,7,162,2,237.0770364592526
1161,7,164,0,287.2052418822512
1162,7,164,1,122.92790452154831
1163,7,164,2,236.61759636855666
1164,7,166,0,270.39363120594373
1165,7,166,1,118.47598893686691
1166,7,166,2,231.13795705290786
1167,7,168,0,265.6428380074257
1168,7,168,1,116.32019846639538
1169,7,168,2,231.28535370617357
1170,7,170,0,264.3704311057688
1171,7,170,1,115.54612592547515
1172,7,170,2,232.39219772848597
1173,7,172,0,277.98174627524185
1174,7,172,1,116.21903627081387
1175,7,172,2,242.94225692072126
1176,7,174,0,280.20581710007923
1177,7,174,1,116.0301289742375
1178,7,174,2,245.28468050489195
1179,7,176,0,274.5179078646697
1180,7,176,1,115.14318876234444
1181,7,176,2,242.15669493830404
1182,7,178,0,279.24910941554145
1183,7,178,1,115.22626937987408
1184,7,178,2,246.33016449283264
1185,7,180,0,278.0704193690704
1186,7,180,1,113.74153770586145
1187,7,180,2,248.20044471464055
1188,7,182,0,265.49157501172016
1189,7,182,1,113.39099557549733
1190,7,182,2,237.7053926022936
1191,7,184,0,258.66213360312145
1192,7,184,1,110.73412720215335
1193,7,184,2,237.14732347573198
1194,7,186,0,263.1906180251092
1195,7,186,1,111.331577750196
1196,7,186,2,240.73280326227012
1197,7,188,0,262.8415664258013
1198,7,188,1,111.06313831732047
1199,7,188,2,240.99461505978636
1200,8,30,0,99.67226741891962
1201,8,30,1,100.0
1202,8,30,2,99.67226741891962
1203,8,32,0,100.0
1204,8,32,1,100.0
1205,8,32,2,100.0
1206,8,34,0,100.0
1207,8,34,1,100.0
1208,8,34,2,100.0
1209,8,36,0,100.0
1210,8,36,1,100.0
1211,8,36,2,100.0
1212,8,38,0,100.0
1213,8,38,1,100.0
1214,8,38,2,100.0
1215,8,40,0,100.0
1216,8,40,1,100.0
1217,8,40,2,100.0
1218,8,42,0,100.0
1219,8,42,1,100.0
1220,8,42,2,100.0
1221,8,44,0,100.0
1222,8,44,1,100.0
1223,8,44,2,100.0
1224,8,46,0,100.0
1225,8,46,1,100.0
1226,8,46,2,100.0
1227,8,48,0,100.0
1228,8,48,1,100.0
1229,8,48,2,100.0
1230,8,50,0,100.0
1231,8,50,1,100.0
1232,8,50,2,100.0
1233,8,52,0,100.0
1234,8,52,1,100.0
1235,8,52,2,100.0
1236,8,54,0,100.0
1237,8,54,1,100.0
1238,8,54,2,100.0
1239,8,56,0,100.0
1240,8,56,1,100.0
1241,8,56,2,100.0
1242,8,58,0,100.0
1243,8,58,1,100.0
1244,8,58,2,100.0
1245,8,60,0,100.0
1246,8,60,1,100.0
1247,8,60,2,100.0
1248,8,62,0,100.0
1249,8,62,1,100.0
1250,8,62,2,100.0
1251,8,64,0,100.0
1252,8,64,1,100.0
1253,8,64,2,100.0
1254,8,66,0,100.0
1255,8,66,1,100.0
1256,8,66,2,100.0
1257,8,68,0,97.47389959481623
1258,8,68,1,100.0
1259,8,68,2,97.47389959481623
1260,8,70,0,98.67460463347413
1261,8,70,1,99.25614951864348
1262,8,70,2,99.41409687158969
1263,8,72,0,107.9489292505428
1264,8,72,1,98.85281856115394
1265,8,72,2,109.20167054595582
1266,8,74,0,108.7739629245245
1267,8,74,1,101.26831708593407
1268,8,74,2,107.41164270777925
1269,8,76,0,119.67017497669295
1270,8,76,1,101.26831708593407
1271,8,76,2,118.17138708362609
1272,8,78,0,125.06966416231018
1273,8,78,1,101.12432059850127
1274,8,78,2,123.67911440303286
1275,8,80,0,129.64692948960484
1276,8,80,1,101.16592972534283
1277,8,80,2,128.15275838573882
1278,8,82,0,139.62307618226922
1279,8,82,1,105.55807690001997
1280,8,82,2,137.12847701305822
1281,8,84,0,145.44708222802552
1282,8,84,1,104.42053792345145
1283,8,84,2,144.40459312280586
1284,8,86,0,166.54958587637253
1285,8,86,1,105.26536763279024
1286,8,86,2,164.0287463104716
1287,8,88,0,177.1295284836445
1288,8,88,1,104.01875328510755
1289,8,88,2,176.5392357798528
1290,8,90,0,181.46523764148418
1291,8,90,1,106.55490058477196
1292,8,90,2,176.55577741497729
1293,8,92,0,183.99873213910845
1294,8,92,1,106.70662997402415
1295,8,92,2,178.76617436316687
1296,8,94,0,186.66336614535453
1297,8,94,1,106.38683009728543
1298,8,94,2,181.71828633540622
1299,8,96,0,185.77828097004647
1300,8,96,1,106.3868300972854
1301,8,96,2,180.85664880770474
1302,8,98,0,181.94057276536807
1303,8,98,1,107.03050171953905
1304,8,98,2,175.87936652153437
1305,8,100,0,184.2401295082943
1306,8,100,1,108.05451264930981
1307,8,100,2,176.41447545347245
1308,8,102,0,188.08820879797298
1309,8,102,1,108.70295739428515
1310,8,102,2,179.0247629042887
1311,8,104,0,188.955961082525
1312,8,104,1,108.02701095986413
1313,8,104,2,180.9760621345353
1314,8,106,0,192.124279248469
1315,8,106,1,107.48978012161633
1316,8,106,2,184.9302569717138
1317,8,108,0,195.02734510192101
1318,8,108,1,106.84857233178961
1319,8,108,2,188.85117074230917
1320,8,110,0,201.9917150695334
1321,8,110,1,108.83695265372441
1322,8,110,2,192.02159806514737
1323,8,112,0,198.2878993581809
1324,8,112,1,104.86917461102429
1325,8,112,2,195.63261425291017
1326,8,114,0,197.06543075873694
1327,8,114,1,103.93795070369245
1328,8,114,2,196.16846490400098
1329,8,116,0,192.55421816708446
1330,8,116,1,104.26825394205498
1331,8,116,2,191.07058456226272
1332,8,118,0,188.21368758965892
1333,8,118,1,104.26825394205497
1334,8,118,2,186.76349784853826
1335,8,120,0,194.7531755794371
1336,8,120,1,107.91986033149324
1337,8,120,2,186.71365031806647
1338,8,122,0,194.02128502712824
1339,8,122,1,105.61777970342308
1340,8,122,2,189.51801457473772
1341,8,124,0,194.3647401570616
1342,8,124,1,105.24245724943044
1343,8,124,2,190.53056586362612
1344,8,126,0,198.9981620731754
1345,8,126,1,104.9499226239891
1346,8,126,2,195.07258567055624
1347,8,128,0,197.62164263687228
1348,8,128,1,104.9499226239891
1349,8,128,2,193.72322041578184
1350,8,130,0,197.15826800820685
1351,8,130,1,105.0549776015907
1352,8,130,2,193.26898663791061
1353,8,132,0,197.1331125203322
1354,8,132,1,105.05388253260928
1355,8,132,2,193.24634174024303
1356,8,134,0,200.61995695355614
1357,8,134,1,106.91205106053548
1358,8,134,2,193.24634174024274
1359,8,136,0,197.73399401796473
1360,8,136,1,106.91205106053545
1361,8,136,2,190.4664499080954
1362,8,138,0,192.51777115917352
1363,8,138,1,103.91191468885886
1364,8,138,2,190.79600965581162
1365,8,140,0,196.91768514321646
1366,8,140,1,103.80800277417003
1367,8,140,2,195.1565734932666
1368,8,142,0,190.80753325071183
1369,8,142,1,103.52647647673857
1370,8,142,2,189.61530193302215
1371,8,144,0,192.8896618457125
1372,8,144,1,103.52647647673854
1373,8,144,2,191.6844206699943
1374,8,146,0,203.67199825500055
1375,8,146,1,106.36942505613081
1376,8,146,2,196.98983229635445
1377,8,148,0,203.5517961154268
1378,8,148,1,106.36942505613081
1379,8,148,2,196.87357380466602
1380,8,150,0,200.85521167150486
1381,8,150,1,105.70892086231949
1382,8,150,2,195.4792948133147
1383,8,152,0,207.8752511592891
1384,8,152,1,109.59086377992146
1385,8,152,2,195.14513777798734
1386,8,154,0,208.16459037212036
1387,8,154,1,109.66784533522191
1388,8,154,2,195.27958492007218
1389,8,156,0,205.56109797048526
1390,8,156,1,108.97674156577793
1391,8,156,2,194.0601704210985
1392,8,158,0,200.3776999572503
1393,8,158,1,109.10149140995911
1394,8,158,2,188.95047924254212
1395,8,160,0,194.43379914933158
1396,8,160,1,107.48322646372127
1397,8,160,2,186.1059959309185
1398,8,162,0,209.47482379808253
1399,8,162,1,108.88969431012494
1400,8,162,2,197.7151011882999
1401,8,164,0,214.28086608540525
1402,8,164,1,108.88969431012492
1403,8,164,2,202.25133671257106
1404,8,166,0,211.24177482947096
1405,8,166,1,109.79061314029175
1406,8,166,2,197.74676316078106
1407,8,168,0,214.16992475977653
1408,8,168,1,111.5253881131539
1409,8,168,2,197.36926644627576
1410,8,170,0,217.68306808858875
1411,8,170,1,112.79042273910945
1412,8,170,2,198.35685401332393
1413,8,172,0,218.19827533827478
1414,8,172,1,112.44548924697058
1415,8,172,2,199.43623246038896
1416,8,174,0,219.88946417620176
1417,8,174,1,114.86106869145362
1418,8,174,2,196.75526133229124
1419,8,176,0,198.2610445823352
1420,8,176,1,111.30534415463065
1421,8,176,2,183.06956912558513
1422,8,178,0,204.8743434645572
1423,8,178,1,112.79203777237916
1424,8,178,2,186.68263319065036
1425,8,180,0,214.38566408961043
1426,8,180,1,112.3760762988381
1427,8,180,2,196.0724893597052
1428,8,182,0,212.81492430310954
1429,8,182,1,112.9492841352192
1430,8,182,2,193.6481642756964
1431,8,184,0,213.00668002252982
1432,8,184,1,113.06234648170093
1433,8,184,2,193.8226498911984
1434,8,186,0,212.32987473165497
1435,8,186,1,111.92677149444563
1436,8,186,2,193.71564800997797
1437,8,188,0,207.03968478555424
1438,8,188,1,112.2518235480268
1439,8,188,2,188.34225671345862
